{"cameraMode":{"drawMode":0,"name":"Shaded","section":"Shading Mode"},"sceneLighting":false,"audioPlay":false,"sceneViewState":{"showFog":true,"showMaterialUpdate":false,"showSkybox":false,"showFlares":true,"showImageEffects":true,"showParticleSystems":true},"in2DMode":false,"pivot":{"x":-1.87078058719635,"y":-0.49010878801345827,"z":-0.5898030400276184},"rotation":{"x":-0.0587230809032917,"y":0.7556107044219971,"z":-0.06845258176326752,"w":-0.6488300561904907},"size":2.8578836917877199,"orthographic":false}