{"cameraMode":{"drawMode":0,"name":"Shaded","section":"Shading Mode"},"sceneLighting":false,"audioPlay":false,"sceneViewState":{"showFog":true,"showMaterialUpdate":false,"showSkybox":false,"showFlares":true,"showImageEffects":true,"showParticleSystems":true},"in2DMode":false,"pivot":{"x":-3.319999933242798,"y":0.8999999165534973,"z":-2.980232238769531e-7},"rotation":{"x":-0.030626382678747178,"y":0.9632660746574402,"z":-0.12526510655879975,"w":-0.2357291728258133},"size":4.120493412017822,"orthographic":false}